"","baseMean","log2FoldChange","lfcSE","stat","pvalue","padj",geneName
"16544_gntU",1212.10166748741,4.87783564542211,0.356324597888682,10.8828738414337,1.39106854974233e-27,8.7011337786383e-25,gntU
"16545_gntK_1",1216.62114913073,4.56948911743868,0.426361568794656,8.37197669463924,5.66596522178171e-17,3.37529642497567e-15,gntK
"14939_mntP",160.473714581671,4.33027439899516,0.387723448638208,8.58930356338263,8.74980615089836e-18,5.91676080798586e-16,mntP
"15301_fruB",245.791703539455,4.18026388037496,0.327570730137165,9.70863263345683,2.77028412526775e-22,4.95089348672851e-20,fruB
"18538_cspG_2",1271.63046033472,4.11785114781773,0.424860498261389,7.33852914209857,2.15953893516968e-13,6.92713643050583e-12,cspG
"18323_bioC",198.681381398438,3.87099784621041,0.604724711929102,4.74761125116218,2.05833175866711e-06,2.01169767975981e-05,bioC
"16674_cspA",11127.419039263,3.7159922582959,0.311489820930624,8.71936119832569,2.79775727542003e-18,2.18749646971904e-16,cspA
"16389_dusC_2",12327.0586500733,3.54877398484598,0.354137441094585,7.19713221219454,6.14921321071524e-13,1.85365439195296e-11,dusC
"15679_suhB",3457.40892590837,3.50628523718381,0.200843676255068,12.4787859091011,9.74613925019016e-36,2.43848404039758e-32,suhB
"15370_YfaZ_precursor",255.402515402407,3.29584946685258,0.330171369531599,6.95350862829085,3.56311148222899e-12,9.09684176381319e-11,yfaZ
"15786_proW",495.941986486702,3.2957283227757,0.631950091018283,3.63276840276503,0.000280396668470088,0.00192206154660866,proW
"18385_rimO",2050.8584819842,3.27851641640887,0.236765304875184,9.62352325063015,6.36140779754912e-22,1.06108282063119e-19,rimO
"18345_rhlE",814.434512472777,3.26155336025311,0.412810337699879,5.47843199095779,4.29111457168766e-08,5.77224121417339e-07,rhlE
"18321_bioB",700.539239198233,3.26040920523998,0.787035509011235,2.87205491919897,0.00407812088444205,0.0209516600675031,bioB
"17268_epmA",604.409356021298,3.25250585457685,0.236519409209344,9.52355606716045,1.6735216519717e-21,2.32619509624066e-19,epmA
"18324_bioD1_1",172.188151328692,3.07802453582338,0.5855978374682,3.54855227062929,0.000387355108093369,0.0026122977909693,bioD1_1
"15787_proX",1426.18487482137,3.04510705832212,0.630438038891703,3.24394616466572,0.00117886024884762,0.00711059641822913,proX
"16895_ppiC",415.197365490357,3.03791030690762,0.638081781800462,3.19380738493629,0.00140409767114919,0.0083318093752543,ppiC
"16320_yhbE",1128.61557591356,2.98749338689132,0.194989210468232,10.1928377581442,2.13441139127023e-24,6.18189214944996e-22,yhbE
"15299_fruA_1",1178.29238441268,2.9596827286155,0.278110926039975,7.04640682953183,1.83596958255441e-12,4.9393504253238e-11,fruA
"16219_rlmG",427.289641187935,2.95936236271405,0.258297107982183,7.58569222094891,3.30716625189593e-14,1.29289530660057e-12,rlmG
"15136_plaP",4110.49782360274,2.95377699914156,0.275284778207272,7.09729397994716,1.27223251131884e-12,3.53680638146639e-11,plaP
"16299_deaD",6237.14057127059,2.94822619986064,0.603924522943415,3.22594318635275,0.0012555827796938,0.00753870103534341,deaD
"15273_hypothetical_protein",367.586754041821,2.86285590018439,0.386677042900946,4.8176014955757,1.45294188207043e-06,1.4837798322205e-05,hypothetical_protein
"15746_rplS",6359.64335450996,2.81245074920713,0.565945158272336,3.20252010767263,0.0013623078924187,0.0081154627305514,rplS
"18322_bioF_2",126.247296234331,2.80517957140376,0.660859999251522,2.73156125873601,0.00630350212924617,0.0308034420456522,bioF
"15899_sdaC",1258.26655884126,2.80106463238675,0.585548661406797,3.07585816703883,0.00209897664152965,0.0118064236577768,sdaC
"16776_xanP",235.779722475628,2.78560688041678,0.294692588602953,6.05921882488391,1.36784204939334e-09,2.3281229983552e-08,xanP
"17097_rplJ",50353.8023167532,2.77085654241296,0.169107392172795,10.4717867129279,1.16424488198255e-25,4.46411905668355e-23,rplJ
"16319_obgE",1653.26357509142,2.75136779073671,0.252253744614628,6.94288123814496,3.84182389286992e-12,9.7093367474349e-11,obgE
"15747_trmD",36834.3433568522,2.74935298252426,0.545763000441635,3.20533451536413,0.00134905595577772,0.00805569928724545,trmD
"18454_ycaO",1336.1211227452,2.72176917772306,0.241440401462501,7.13123887838827,9.94695139401778e-13,2.82809913498096e-11,ycaO
"16432_rplX",23565.2681706222,2.72112650027154,0.174535265156143,9.86119623866146,6.13144865158647e-23,1.27840704385578e-20,rplX
"16439_rpsS",7971.65021751751,2.69839486016554,0.626498686114084,2.71093124025525,0.00670945381562157,0.0325330493152813,rpsS
"17615_rapA",2517.94930977378,2.68327934664251,0.18783579474611,8.96144075690009,3.20463361223207e-19,3.0838435760787e-17,rapA
"15199_yhbU_1",1316.87386911199,2.67910250950481,0.217521342716576,7.71925406737044,1.17012456987583e-14,4.96212148106667e-13,yhbU
"15663_rlmN",1237.39613028366,2.64281574179754,0.147786793898796,11.1161200433277,1.04728109747563e-28,1.31014865294202e-25,rlmN
"16281_elfC_1",3991.60711713911,2.63235342804441,0.634508699076736,2.57262576607637,0.0100930277923754,0.047347288785905,elfC
"15461_fadL",1283.1722249337,2.6206927612772,0.291292877987038,5.5637912347082,2.63975725376356e-08,3.68976125637789e-07,fadL
"18594_mdoC",310.058244480152,2.61970487094201,0.286307628921884,5.65721869529341,1.5384567992546e-08,2.26030724097409e-07,mdoC
"15654_guaB",5517.10880098534,2.61626902774433,0.211924750798599,7.62661756898957,2.4099314529406e-14,9.72523950847964e-13,guaB
"16390_fis",1223.84409948574,2.61153757630135,0.567737659804106,2.83852506253927,0.00453225599859252,0.0229548674260698,fis
"17098_rplL",58000.6291416404,2.57319556575235,0.183619402527815,8.56769787993427,1.05574343577174e-17,6.95123704289707e-16,rplL
"16434_rpsQ",2368.03607551353,2.56682764599628,0.232865093534849,6.72847794494284,1.71446977851917e-11,3.8300030230848e-10,rpsQ
"14897_mipA_1",3309.02136110668,2.56164608874286,0.175383636149569,8.90417215099286,5.37859262357194e-19,4.80615669434892e-17,mipA
"16157_hypothetical_protein",783.55752356069,2.5184333719009,0.448372344922215,3.38654555548988,0.000707785242907908,0.00449461593338981,hypothetical_protein
"16428_rplF",16141.2718725509,2.50630483355603,0.229754907013671,6.556137812832,5.52192040233383e-11,1.1513204038866e-09,rplF
"16827_rnpA",986.075686145662,2.471711072414,0.25350367986721,5.80548208682774,6.41810666254055e-09,1.00994357670921e-07,rnpA
"16419_rpsD",59171.9683396671,2.47120448985582,0.202771383811821,7.25548379756165,4.00228686492752e-13,1.22118557756691e-11,rpsD
"16084_endA",207.552348618866,2.45286562468618,0.49427291961856,2.93939960499431,0.00328848788107945,0.0174687827568169,endA
"17569_hypothetical_protein",36.5767058433219,2.44572668107941,0.379528425217834,3.80927115076985,0.000139377042900275,0.0010049606954942,hypothetical_protein
"17567_yaaH",476.041496527956,2.43400683179652,0.429902242203348,3.33565794969317,0.000850977967994817,0.00532286718980758,yaaH
"16420_rpsK",18504.3478347351,2.42175806581691,0.180787789112581,7.86423725183976,3.71353150066195e-15,1.78677996435696e-13,rpsK
"15664_ndk",5896.2121926545,2.42115636384882,0.286226952701039,4.96513815501225,6.86521808433111e-07,7.30926623276444e-06,ndk
"16430_rpsN",7174.83837454079,2.40774379607651,0.175438570830971,8.02414081127476,1.02238974850374e-15,5.01572382501248e-14,rpsN
"17286_hypothetical_protein",64.954232362734,2.40657314975754,0.192558142424032,7.30466721402061,2.77953810209409e-13,8.80304345751824e-12,hypothetical_protein
"15704_mltF",293.992176905537,2.39892957677341,0.233678642837402,5.98655298484772,2.14334788085273e-09,3.55142807807519e-08,mltF
"16944_EamA-like_transporter_family_protein",98.2669734524705,2.39682237183026,0.262707199467203,5.31703118400699,1.05473997625626e-07,1.26873049066978e-06,eamA-like_transporter_family_protein
"17051_rpmE",1323.89953007417,2.38472190411053,0.155756504295311,8.89029906247203,6.0944652732443e-19,5.25805245298525e-17,rpmE
"16421_rpsM",15872.7032966458,2.35490432419422,0.174580763824168,7.76090271640028,8.43269849279397e-15,3.63769166016733e-13,rpsM
"16418_rpoA",34684.2210689994,2.34418573271637,0.182036835352576,7.38414140255128,1.53440308973641e-13,5.11876870736066e-12,rpoA
"16443_rplC",20239.0622117009,2.32281902988986,0.26573839543208,4.97789951557061,6.4278009190962e-07,6.88264981418098e-06,rplC
"19182_pykF",6070.85341596809,2.31728800798043,0.155585930402099,8.46662679958274,2.5260181619195e-17,1.62053780541605e-15,pykF
"15318_rplY",3978.22010605762,2.31025560056504,0.209641499285364,6.2499820170696,4.10499946906172e-10,7.49686764349812e-09,rplY
"17269_yjeM",162.520110508068,2.29717870093976,0.242115674742697,5.35768162188716,8.42966135262105e-08,1.05455063521289e-06,yjeM
"18459_cmk",3648.12300436954,2.26991314010535,0.153217932388559,8.28828010082311,1.14897746478215e-16,6.68544562066264e-15,cmk
"17723_tsf",21147.4538277446,2.26982701975536,0.18163395025712,6.99113253859093,2.72676005279586e-12,7.18142489694236e-11,tsf
"18460_rpsA",35750.3105516913,2.24252947502584,0.173574469121395,7.1584806297569,8.15761119903857e-13,2.37996434515916e-11,rpsA
"17164_pspG",143.764340189859,2.22991286329913,0.310905152877362,3.95591019292072,7.62438015277319e-05,0.000583370004349802,pspG
"16828_yidC",5408.38583651584,2.22052934779509,0.185987231698339,6.56243623097055,5.29356812175347e-11,1.1129838185401e-09,yidC
"18873_ttcA",649.328326594619,2.20997722495023,0.411157718238762,2.94285421694939,0.00325201517821044,0.0173117914380479,ttcA
"16362_rplM",11273.2501741149,2.20259781623143,0.176368676053578,6.81865875018588,9.18943931016128e-12,2.14878291159098e-10,rplM
"19111_ydgI",250.587978224971,2.19767431315266,0.222243154456948,5.38902678950529,7.08402467369127e-08,9.13620089359565e-07,ydgI
"15705_tadA",212.825741543486,2.1916164696258,0.217407545958507,5.48102626508295,4.22865692774571e-08,5.71897277471338e-07,tadA
"16322_rplU",10892.0969593224,2.1868936194115,0.165544370562586,7.16964047389809,7.51949769104878e-13,2.23973609797667e-11,rplU
"15532_htrB_1",932.049266902311,2.18110674407423,0.334447187893221,3.53151943514417,0.000413179497736862,0.00277151502235289,htrB
"17614_rluA",248.416128426543,2.17787770339875,0.240751385669441,4.89250643406892,9.955986031902e-07,1.03360485692194e-05,rluA
"18677_purB",1457.39945495735,2.16969561033487,0.243655261835469,4.80061707481091,1.58177470160824e-06,1.5893977122184e-05,purB
"18633_hypothetical_protein",8439.30046588558,2.15988065931232,0.174951609855563,6.62972270029351,3.36318073456408e-11,7.25403292920632e-10,hypothetical_protein
"16597_anaerobic_glycerol-3-phosphate_dehydrogenase_subunit_B",357.855754534793,2.13532846931783,0.266563897766359,4.25912315520288,2.05230379553489e-05,0.000168356199882895,anaerobic_glycerol-3-phosphate_dehydrogenase_subunit_B
"18197_spoVD",1104.29864881794,2.12157149982784,0.215455014929579,5.20559477436355,1.93376220632144e-07,2.2608752524375e-06,spoVD
"16306_hypothetical_protein",8270.7632840907,2.11426664763439,0.144458911323612,7.71338117825247,1.22527430523734e-14,5.04870984100057e-13,hypothetical_protein
"16307_rimP",1585.89833417733,2.10232147426212,0.142921110428417,7.71279673770956,1.23090048081948e-14,5.04870984100057e-13,rimP
"17722_rpsB",33664.7774754786,2.09661595913126,0.144242713969847,7.60257436199167,2.90297064869028e-14,1.15289405762271e-12,rpsB
"15307_yeiU",340.636436854098,2.09135379356254,0.204359885940938,5.34035233254117,9.27661134028631e-08,1.14901393927705e-06,yeiU
"17580_rpsT",5549.26440240997,2.08670631197553,0.196126341831483,5.54084832168671,3.0100985939323e-08,4.16092081879481e-07,rpsT
"18672_potA_2",1046.58541682469,2.08149415737748,0.229905978860705,4.70407147624781,2.55023899748836e-06,2.43538090523507e-05,potA
"16753_rpmB",3669.14814218607,2.08088338649166,0.187443226167183,5.76645744203957,8.09551402439666e-09,1.25974429873908e-07,rpmB
"16449_fusA",50574.998086949,2.0751038832253,0.201779225414901,5.32811978544698,9.92346726158714e-08,1.20526772274228e-06,fusA
"18363_ybiP_2",328.185394653243,2.06002772802571,0.271133007172987,3.90962258368418,9.24404364437524e-05,0.000692472970006792,ybiP
"18063_gsk",1015.67497626361,2.0568354997963,0.261735634005593,4.03779754259107,5.39553870110934e-05,0.000420549465114503,gsk
"16429_rpsH",16516.9927246933,2.02933355088863,0.198026851295584,5.19794938996531,2.01498967581779e-07,2.33402970782228e-06,rpsH
"19159_rnt",427.113194460243,2.0246263446439,0.213805595874943,4.79232706913439,1.64857855099012e-06,1.64332411736146e-05,rnt
"18601_moeZ",1043.99345628011,2.02091125878303,0.234487855684286,4.3537916102469,1.33802905275091e-05,0.000113099617904823,moeZ
"16433_rplN",18225.8726391779,2.02072830102932,0.162619115527281,6.27680391520813,3.45603487076965e-10,6.40518462715975e-09,rplN
"17096_rplA",12717.4298108172,2.00780270854053,0.238291303895559,4.22928865663617,2.34431392455876e-05,0.000189821146901165,rplA
"16422_rpmJ",3051.75683380516,2.00601388119712,0.190107466973689,5.29181676665205,1.21107200416233e-07,1.44290578781626e-06,rpmJ
"16752_rpmG",194.731871728885,1.99876724567413,0.275831887091091,3.62092742868521,0.000293548853718373,0.00200671921312396,rpmG
"16823_recF_1",564.700262666821,1.99706711764404,0.154508949021853,6.45313507053256,1.09559626718944e-10,2.19294548840638e-09,recF
"16431_rplE",15680.4875137937,1.9871639031954,0.181883997591907,5.42743680733423,5.71690976164251e-08,7.48885247310449e-07,rplE
"17033_cdh",272.239709535952,1.97809858516727,0.203922358477894,4.79642640693221,1.6152126018036e-06,1.61650477188504e-05,cdh
"16417_rplQ",1811.06580913224,1.96131342337581,0.222384567905804,4.32275239432529,1.54094641215228e-05,0.000128575496754644,rplQ
"15657_der",3147.48582227902,1.95251074188588,0.118086830841343,8.06618938876973,7.25262752410394e-16,3.78043209693918e-14,der
"18494_pyrD",461.678215215925,1.94319300715349,0.211907456959432,4.4509665713843,8.54846494472536e-06,7.42647892073015e-05,pyrD
"17086_trmA",595.045743872598,1.94084265073918,0.198469468178395,4.74049061235704,2.13201331090724e-06,2.05957424860614e-05,trmA
"16391_yhdJ",128.420955436162,1.93728924298737,0.349764792086285,2.67977013179802,0.00736727326799723,0.0355847832365426,yhdJ
"16131_pitA_1",717.052178800522,1.92363154059717,0.315968078458015,2.92317991458084,0.00346476252985962,0.0182118400203966,pitA
"17724_pyrH",1898.37274897883,1.91627280024471,0.194293479089801,4.71592152519546,2.40619171031712e-06,2.30662515678676e-05,pyrH
"18636_fabH",1524.15448654313,1.90273440627793,0.158334087431471,5.70145330624806,1.18790276580455e-08,1.80129255760181e-07,fabH
"18368_yheS_2",1916.67585789349,1.9009634431273,0.183225985297335,4.91722525964445,8.77795244451113e-07,9.15101542340285e-06,yheS
"15722_srmB",1726.0411808217,1.89962932166297,0.199057565760046,4.51944299744643,6.20025381178318e-06,5.5206530381073e-05,srmB
"18671_potB",193.918533629659,1.89064657641881,0.337396755514137,2.6397603470182,0.00829646722053127,0.0393139412609266,potB
"17218_hypothetical_protein",1795.21692126075,1.89015385853212,0.16607440677218,5.35997012323057,8.32357162303141e-08,1.04651136687561e-06,hypothetical_protein
"16731_gpmI",2047.97132435312,1.88121985551466,0.205443616409382,4.28935136032008,1.79195692974085e-05,0.000148459478086477,gpmI
"16304_rbfA",447.703951254665,1.88026572092106,0.293077187781088,3.00352861846951,0.00266868448553474,0.0144838364052233,rbfA
"16305_infB",12158.6103674213,1.86581022394783,0.181678005167337,4.76563039730849,1.88264093214191e-06,1.86180538032373e-05,infB
"18778_putative_acyl-CoA_thioester_hydrolase",278.167189253137,1.86296749466381,0.218218455467966,3.95460362329663,7.66616407561291e-05,0.000584778735279985,putative_acyl-CoA_thioester_hydrolase
"18735_prmC",316.556192516326,1.85483813656995,0.173272378393472,4.93349340786887,8.07717694301214e-07,8.49121710563713e-06,prmC
"17095_rplK",6480.12689156917,1.84399122152103,0.150581899162154,5.60486503502109,2.08417303120264e-08,2.99689708279828e-07,rplK
"17342_ppa",3548.80474831259,1.84399102134012,0.234237793222505,3.6031376906732,0.00031439887443176,0.00214339505130317,ppa
"17313_rplI",2440.78476302705,1.838366258483,0.268041526574112,3.12774766357404,0.00176151342185153,0.0100394227368395,rplI
"16868_mnmG",3795.35788626417,1.82580651273668,0.188216813830791,4.38752785114666,1.14646316700778e-05,9.72356218255416e-05,mnmG
"18635_plsX",1250.50942266643,1.81351572910466,0.136991649866565,5.93843296213345,2.87759272125321e-09,4.73666907143127e-08,plsX
"18433_infA",5146.46095378361,1.81025638791008,0.161685768893339,5.01130305688558,5.40626947841694e-07,5.83038199784448e-06,infA
"17699_gluQ",407.580760920906,1.7970335192806,0.180160661625151,4.42401527664754,9.68831649152518e-06,8.38760133626159e-05,gluQ
"16386_hypothetical_protein",38.5658682218227,1.78552315766509,0.264972232981553,2.96454895981412,0.00303127003678418,0.0162751880515751,hypothetical_protein
"17310_rpsF",4916.05300945703,1.78370063975702,0.165140134498743,4.74567034922078,2.07816929515268e-06,2.02318271458055e-05,rpsF
"15038_tyrP",221.056042912905,1.78360734235637,0.246576334272632,3.17795032790923,0.00148320158718113,0.00867049152132522,tyrP
"18022_tig",11054.0929567012,1.77553196206204,0.170753491615031,4.54182198400074,5.57701257103058e-06,5.07406743735218e-05,tig
"15644_purM",347.878572694955,1.76695996225229,0.178536244541047,4.29582219690947,1.74047044752398e-05,0.000144672992016778,purM
"15642_uraA",136.010138339191,1.76653717637409,0.229587372528632,3.33876017627446,0.000841531830456569,0.00529023276332245,uraA
"16982_typA",5697.12427659396,1.75694074371422,0.157568818033171,4.80387397178338,1.55624805641756e-06,1.57005348272449e-05,typA
"17676_speE",3110.05968938579,1.74636264140042,0.156778971417333,4.7606042739856,1.93014178339614e-06,1.90126564647919e-05,speE
"16501_mrcA",501.496036412022,1.72208565314942,0.247618002816242,2.91612744201514,0.00354405704759062,0.0185506919101919,mrcA
"15288_lysP",1140.81783219054,1.67665576323287,0.220674294832998,3.06630984703023,0.00216718606231942,0.0120763909307866,lysP
"17032_sbp",102.037926520444,1.66875091537119,0.25212009270467,2.65250939818808,0.00798959036570966,0.0380761049428678,sbp
"15653_guaA",3643.16971369358,1.66835520715158,0.171376787715206,3.89991676271967,9.62257644859281e-05,0.000718677202220275,guaA
"16826_rpmH",1716.79287645845,1.65132876431107,0.209702280537967,3.10596891288048,0.00189656653187623,0.0107845669608053,rpmH
"17045_menA",231.753433593731,1.64540644491064,0.186778033288824,3.45547296727671,0.000549328273415744,0.00360739984274591,menA
"16972_yihG",264.471551986443,1.63507404044431,0.24630975284549,2.57835523404017,0.00992718859162413,0.0467755665842628,yihG
"18516_rlmI",890.522576832121,1.62897505283607,0.137125381304996,4.58686092137166,4.49960209216427e-06,4.12607093623551e-05,rlmI
"16411_rsmB",852.976940861846,1.62755609964326,0.178104698477065,3.52352355108741,0.0004258492492839,0.00284886315964791,rsmB
"18637_fabD",3449.94185268966,1.61579493392062,0.15346751390848,4.01254257815013,6.00682401247111e-05,0.000463860298740825,fabD
"16786_yicO",1285.93161935705,1.5935066764101,0.207775344981391,2.85648269029828,0.00428363360850936,0.0217838440822976,yicO
"17606_folA",620.955249251171,1.58960843416535,0.211437163004349,2.78857522389865,0.0052940451215976,0.0262291106816578,folA
"17120_purH",425.963504113024,1.57803292312327,0.20885432157758,2.76763688085123,0.00564643285762385,0.027864644989694,purH
"18678_hflD",833.733740863903,1.56111738970248,0.218146430093978,2.5722052360002,0.0101052966473514,0.047347288785905,hflD
"15736_rluD",1540.99603950578,1.55715134015481,0.0966230956013091,5.76623359754229,8.10626826926428e-09,1.25974429873908e-07,rluD
"19135_rnfC",612.440994900888,1.55431019848022,0.216614127670659,2.5589752821801,0.0104981205535899,0.048822114544762,rnfC
"14940_rlmA",257.664947857543,1.55018744057361,0.195461043899612,2.81481889995523,0.00488047283863453,0.0244218860845272,rlmA
"15182_udk",799.853973802378,1.53722560074593,0.18739849911064,2.86675508766352,0.00414703802278695,0.0211752839449244,udk
"18497_rlmL",1560.68935847466,1.52453669935545,0.138840706024667,3.77797487764331,0.000158108823758137,0.00113674792253695,rlmL
"16505_hslR",637.338941340646,1.51576868914918,0.18426956515221,2.79899010302187,0.00512627086485587,0.0255496607646801,hslR
"18463_msbA",1488.90281201643,1.51206523517397,0.156328376016213,3.27557445566289,0.0010544731506428,0.00643485810465435,msbA
"14841_infC",39480.8333348329,1.50313104742695,0.107908896435889,4.66255391394793,3.1230923238744e-06,2.94867056389953e-05,infC
"18509_yccS_2",279.050985432854,1.50066937497094,0.143554055491217,3.48767140891799,0.000487246490692447,0.00323366238650531,yccS
"15088_dcm",925.451953353386,1.49388287220648,0.179394522413879,2.75305436064009,0.00590420916139917,0.0290222619289209,dcm
"14872_xthA",726.002803141794,1.48709237305075,0.182518262991001,2.66873224119366,0.00761381207281633,0.036704735657392,xthA
"17988_tgt",2715.49993125905,1.46957455952192,0.124557650384149,3.76993751948357,0.000163288421091078,0.00117062358042945,tgt
"18634_rpmF",680.156651236425,1.46686304893485,0.147625033472469,3.16249241712734,0.0015642480942435,0.00903868067389661,rpmF
"15550_gltX",5863.94760473691,1.46433282846742,0.115495056206707,4.0203697345831,5.81068728761556e-05,0.000450103392991149,gltX
"16740_rfaC",774.271821017637,1.46173560562652,0.139071403619076,3.32013335316036,0.000899744585099795,0.0055584221035054,rfaC
"18055_dnaX",1686.07438197684,1.43537465993725,0.148547458321031,2.93087922781116,0.00338004159834539,0.017879205241142,dnaX
"18726_ychF",2898.41679905024,1.39462462883605,0.136600037254346,2.88890571897335,0.00386584963322869,0.0200255813298927,ychF
"18066_yfkN",712.866230191571,-1.33867391165583,0.127756756420438,-2.65092759979975,0.00802710463880451,0.0381821593275454,yfkN
"15620_gcvR",1142.01458293602,-1.40184861538819,0.115633185129357,-3.47520147385587,0.000510469804503582,0.00337477671988103,gcvR
"16339_hpf",2271.2591983774,-1.44742747258863,0.133565867351097,-3.3498638646392,0.00080851286399469,0.00510833127705736,hpf
"15266_dld",1055.84797422938,-1.45479014750419,0.152049666035713,-2.9910631135314,0.00278008028133454,0.0149908639308169,dld
"18456_serC",2248.30668919819,-1.46374969045707,0.174697112811391,-2.65459275768198,0.00794042054233042,0.037913992742196,serC
"15410_hypothetical_protein",1004.07818703558,-1.47041077863349,0.162704751847863,-2.89119262523657,0.00383782809751015,0.0199216719916398,hypothetical_protein
"14974_ybbH",492.778222962716,-1.49122343585484,0.166724666780875,-2.94631529538726,0.00321584415662544,0.0171557400423813,ybbH
"18420_ltaE",417.089100102147,-1.50549932960236,0.15958651587393,-3.16755664997219,0.00153725756387161,0.0089032833907564,ltaE
"17249_dcuA",874.636465946667,-1.51277812718048,0.176921583880972,-2.8983356124907,0.00375148912973352,0.0195139829575744,dcuA
"14857_chbF",128.330905672715,-1.52479875538407,0.204955853152095,-2.56054534336534,0.0104508024644185,0.048692565672207,chbF
"14858_chbR",87.1799856276369,-1.526181219434,0.192847921458011,-2.72847752496294,0.00636274258424746,0.0309740689670383,chbR
"18632_yceF",423.475621999983,-1.54314680260401,0.165165496346019,-3.28850041092197,0.00100722637451538,0.00616156574336793,yceF
"17246_yjdC",415.398281112581,-1.54958491893744,0.178143565756215,-3.08506746569523,0.00203505985409988,0.011545849784485,yjdC
"14961_exoX",310.38142625281,-1.55609243147825,0.143306760899992,-3.88043402827533,0.000104270225638694,0.000771846463159803,exoX
"14856_hypothetical_protein",92.2773756157532,-1.56951184525893,0.192352774996465,-2.96076750267523,0.00306873499634348,0.0164059294035286,hypothetical_protein
"15458_fadJ",176.036506515202,-1.58793062897616,0.230187907159683,-2.55413343051211,0.010645245392264,0.0494144786112142,fadJ
"17172_hypothetical_protein",167.232964428483,-1.58866461613865,0.227788888047111,-2.58425518990596,0.00975895579541804,0.04606963660403,hypothetical_protein
"16941_rhtB",121.889140948809,-1.59458152249449,0.206003952549709,-2.88626269125113,0.00389846618608714,0.0201528148710538,rhtB
"18313_pgl",571.352098315201,-1.60658621718959,0.211785704430608,-2.86415090584331,0.00418128759487872,0.0213066834264492,pgl
"17250_aspA",1481.93740780506,-1.6189213665628,0.197115796946228,-3.13988719398089,0.00169012902220867,0.00966710468009815,aspA
"16940_rhtC_1",245.338345212606,-1.6283502969214,0.171367299250979,-3.66668728320878,0.000245712977638553,0.00170770519458794,rhtC
"18021_transcriptional_regulator_BolA",364.388247611685,-1.65976336640273,0.240697536401452,-2.74104744180819,0.00612436639180768,0.0299866237031366,transcriptional_regulator_BolA
"15584_eutK",24.0013217915208,-1.68627849860222,0.258450226165565,-2.65536041033522,0.00792237144234059,0.0379001402461494,eutK
"16646_hypothetical_protein",881.602624939013,-1.69014692998749,0.201990305080495,-3.41673294523943,0.00063377416782655,0.00410803877694826,hypothetical_protein
"18444_dmsB_1",48.9638162133245,-1.71299359477258,0.25435087086935,-2.80318912349555,0.00505999878284848,0.0252696945203331,dmsB
"19127_malX",113.135672993042,-1.71652818412333,0.182908148916488,-3.91742078397218,8.95014429041824e-05,0.000672470300739533,malX
"18278_sucB",3354.03459342667,-1.71914657756388,0.237834432574158,-3.02372776633025,0.00249681003146607,0.0136397788181837,sucB
"18388_gstB_1",619.5967059435,-1.72064873248782,0.211618535051288,-3.4054140499232,0.000660638057077464,0.00423824722771235,gstB
"19128_patB",201.612914185444,-1.7333521520188,0.150160759306401,-4.88378025927801,1.04071051166236e-06,1.07154637867458e-05,patB
"15424_hisQ",577.316255870334,-1.74268676471787,0.199638127325238,-3.72016495380126,0.000199092701474359,0.00140530242385664,hisQ
"15332_napC",242.512560711959,-1.7481723588395,0.269967518826338,-2.77134213068342,0.00558257354853064,0.0276039506292958,napC
"19044_eamA",178.462146413803,-1.75570527896019,0.251719570010527,-3.00217134062557,0.00268061252218932,0.0145170833993889,eamA
"15285_folE",2378.91916626059,-1.76392706141371,0.231534554670007,-3.29940842956461,0.000968888316972795,0.00595616356035856,folE
"15595_eutD",28.3524988649257,-1.77130054233815,0.242699192789956,-3.17801033234448,0.00148289466233438,0.00867049152132522,eutD
"16636_kdgK_3",1025.42129907781,-1.77914944582557,0.266959739377934,-2.91860281119969,0.00351603908702304,0.0184426201168378,kdgK
"15531_hypothetical_protein",101.804016554288,-1.80942363998183,0.232940116985416,-3.47481425894755,0.000511207184985975,0.00337477671988103,hypothetical_protein
"16880_rbsK_1",704.948721475326,-1.82337243423311,0.29853191209575,-2.75807175337765,0.00581434336689583,0.0286367856377429,rbsK
"16467_crp",1438.20101228956,-1.82966415807486,0.193820033705835,-4.28059030953454,1.86398226654297e-05,0.000153916951514539,crp
"17132_hypothetical_protein",251.912685528703,-1.83225225394096,0.156386615261645,-5.32176140872764,1.02767301132354e-07,1.24214390064324e-06,hypothetical_protein
"18277_sucA",4546.21773482711,-1.8429815065099,0.306378767264721,-2.7514357931388,0.00593346501456781,0.0291088813067621,sucA
"16542_asd",2030.37419130672,-1.85076427119739,0.196815511443386,-4.32264847906623,1.54167262295736e-05,0.000128575496754644,asd
"19113_ydgC",35.9127307938554,-1.8655555348574,0.244738548375166,-3.53665387248507,0.000405230367068812,0.00272550101722088,ydgC
"15263_yehY",31.5509198049214,-1.87045720107874,0.320973645553881,-2.71192732841555,0.00668932564623417,0.0324984325570444,yehY
"15848_rpoS",2830.48061873545,-1.87068836651475,0.277332818998775,-3.13950714400877,0.00169232288164788,0.00966710468009815,rpoS
"15103_yhjE_1",1102.3555585055,-1.87072051350634,0.312062508584737,-2.79021186317839,0.00526735612328178,0.0261486607548631,yhjE
"15261_yehW",20.6226488958954,-1.87740903037319,0.287157231744365,-3.05550037881086,0.00224685319023749,0.0124289858176381,yehW
"16205_mug",188.867519155493,-1.87996484009411,0.331346581003501,-2.65572331372512,0.00791385163229564,0.0379001402461494,mug
"18445_dmsC_1",53.7422197838834,-1.89357443235507,0.282714008338154,-3.16070094158995,0.00157390002477738,0.00907349737786405,dmsC
"14846_pfkB",688.416771510848,-1.90232658128961,0.283647739099965,-3.18115203087024,0.0014669062694694,0.00863576349697042,pfkB
"16724_lldD",270.718280101116,-1.91198850976685,0.313737244391314,-2.90685446522681,0.003650830078634,0.0190299517848797,lldD
"18682_icd",14371.7120608702,-1.91259800045511,0.248701454610579,-3.66945180069041,0.000243071160684717,0.00169405026193081,icd
"14975_pykA",1846.78027835234,-1.91642119007453,0.162129699573284,-5.65239553571308,1.58226963761322e-08,2.30165036820249e-07,pykA
"17592_DNA-binding_transcriptional_activator_CaiF",113.305551027895,-1.92291370315005,0.26937023447453,-3.42619036936435,0.000612111206631083,0.00397792789348304,dNA-binding_transcriptional_activator_CaiF
"18517_yccX",62.4074959713361,-1.92901604231386,0.2910929172147,-3.19147594246907,0.00141547898383918,0.00837240760653814,yccX
"15279_preA",142.788694559332,-1.93479894652951,0.269824806081153,-3.46446629613571,0.000531284709744002,0.00349809037836709,preA
"18101_hypothetical_protein",137.561382170798,-1.94460032909519,0.31223976730123,-3.02524030574202,0.00248435651750661,0.0136014442161959,hypothetical_protein
"18614_yceM",174.498327846804,-1.9533337794622,0.24642878438966,-3.86859750099146,0.000109463164534748,0.000803157881718295,yceM
"18075_ybbJ",75.4258283366812,-1.96993996516721,0.316719265807219,-3.06245962870345,0.00219526085322827,0.0121785868176877,ybbJ
"16253_tdcD",55.6594103981967,-1.97591452845028,0.293444703762346,-3.32571866500833,0.000881908946652404,0.00547527589211989,tdcD
"17160_hypothetical_protein",162.125359106488,-1.98378078211562,0.385835490032093,-2.54974155444795,0.01078028017013,0.0499486314549357,hypothetical_protein
"15586_eutC",27.7211971680626,-1.98476629132974,0.251332232784216,-3.91818542500763,8.92180653330262e-05,0.000672470300739533,eutC
"18074_cueR",201.427010806183,-1.98500968595554,0.312944172456837,-3.14755720875868,0.00164640884997966,0.00944797005194749,cueR
"16647_hypothetical_protein",49.953691814821,-2.01202466722178,0.238937839024959,-4.23551443903395,2.28029049411654e-05,0.000185236584944143,hypothetical_protein
"16560_ugpB",217.41506247929,-2.016097485152,0.391424213915906,-2.5958983860163,0.00943439616794162,0.0446216620268241,ugpB
"16835_azr",307.388813358826,-2.02417009014017,0.24061197510298,-4.25652168684385,2.0763190467797e-05,0.00016976961617787,azr
"15379_arnF",22.0646196820178,-2.02442675330508,0.247233283981705,-4.14356326464882,3.41950679682983e-05,0.000272471528842938,arnF
"18102_allC",118.223502267611,-2.02532419366446,0.229695131673056,-4.46384817212357,8.05006173263117e-06,7.04239666260251e-05,allC
"17171_hypothetical_protein",636.587915205296,-2.02798137245006,0.159287922800818,-6.45360523493987,1.09220096100132e-10,2.19294548840638e-09,hypothetical_protein
"14831_ydiV",256.249251243318,-2.02974835342755,0.274315722772254,-3.75388017508017,0.000174118122261883,0.0012411496920206,ydiV
"15374_arnC",109.6100342582,-2.03100540892834,0.319617713638541,-3.22574552327319,0.00125645017255723,0.00753870103534341,arnC
"14832_mepS_1",244.521388091472,-2.03569885081559,0.199136854261804,-5.20094010048972,1.98283003858497e-07,2.30746081699516e-06,mepS
"19045_putative_transporter",105.993748853234,-2.04436597086205,0.341850580011888,-3.05503641627793,0.00225033196458435,0.0124289858176381,putative_transporter
"19155_hypothetical_protein",23.6192221899561,-2.04626901692016,0.356042996537126,-2.93860299766088,0.00329695090376566,0.0174766338161476,hypothetical_protein
"15286_yeiG",290.177865056896,-2.04820763057988,0.187836519133683,-5.58042512400836,2.39931423450885e-08,3.39284718450965e-07,yeiG
"19169_cfa",5470.72090671346,-2.04869030430724,0.2345469865551,-4.4711310075215,7.78070147014113e-06,6.85468840784969e-05,cfa
"17300_esterase",99.3060599759389,-2.05286835414425,0.287612893674689,-3.66071333135407,0.00025151404012839,0.00174318041108375,esterase
"16133_yghU",399.793057800268,-2.06088289811576,0.399439684276801,-2.6559276403308,0.00790905830934543,0.0379001402461494,yghU
"18031_sgrR_2",109.689001949144,-2.08332846081505,0.369868715189589,-2.92895402159047,0.00340104726986053,0.0179523634371119,sgrR
"17142_phosphate-starvation-inducible_protein_PsiE",245.022956772865,-2.08572440716209,0.356586199904974,-3.04477404748536,0.0023285517858257,0.0128044759739251,phosphate-starvation-inducible_protein_PsiE
"17108_rsd",409.681157344947,-2.09166907164763,0.282866665713046,-3.85930618192768,0.000113709399272924,0.000831874026259812,rsd
"16960_fadA",32.9824099298527,-2.09408455314288,0.32834596672141,-3.33210900705587,0.000861904887470479,0.00536462388026695,fadA
"16564_livH",207.555497358921,-2.10034411272777,0.326829501341016,-3.36672212334856,0.000760672946585692,0.00481823724647444,livH
"18354_bhsA_4",74.6822724099662,-2.10814389934057,0.392404675272727,-2.82398240686197,0.00474309883329365,0.0238777329595588,bhsA
"16599_uspB",57.7133644071834,-2.10952924406395,0.361769943698548,-3.06694700151344,0.00216257196622508,0.0120763909307866,uspB
"19174_hypothetical_protein",120.879432033513,-2.11047560125299,0.371841582022679,-2.98642124749046,0.00282263529111255,0.0151875989212121,hypothetical_protein
"18712_dadX",345.801445341981,-2.11110487711388,0.325722998164164,-3.41119565820123,0.000646786611284643,0.00417077345730458,dadX
"16524_malP_1",2964.95716692633,-2.15738246690768,0.364658972932538,-3.1738762866581,0.00150417788208008,0.00875357864701963,malP
"17255_hypothetical_protein",984.34030799048,-2.16244793415018,0.134787730529691,-8.62428597604522,6.44937722284544e-18,4.74598288575274e-16,hypothetical_protein
"15264_osmF",106.925018299327,-2.17855879390613,0.352615695261805,-3.34233220399078,0.000830775673556547,0.00523577011395083,osmF
"16819_hypothetical_protein",86.1714083305485,-2.18334873112564,0.364187889802625,-3.24928083623803,0.0011569719334604,0.00700906483660513,hypothetical_protein
"15105_amn_2",1265.57733913934,-2.19429643320342,0.395083593561673,-3.02289554075596,0.00250368650348215,0.013647546038589,amn_2
"18743_chaB",253.550429232171,-2.19657453127064,0.313006585119293,-3.82284139745686,0.000131922639670895,0.00095396082212884,chaB
"18404_potF_1",1369.73688415817,-2.20751181671846,0.392989721341968,-3.07262951457123,0.00212181736039072,0.0118954627645412,potF
"14883_hypothetical_protein",25.2520041387963,-2.21370304954557,0.313023167642881,-3.87735853127091,0.000105596691028632,0.000777067414569518,hypothetical_protein
"15999_Limonene_hydroxylase",455.633984833173,-2.22405349686518,0.367352296121825,-3.33209703542795,0.000861941966373826,0.00536462388026695,limonene_hydroxylase
"18584_Curli_production_assembly-transport_component_CsgG",54.6953095562566,-2.22461546114582,0.387827203175042,-3.15763167493204,0.00159056385022451,0.00914848449025685,curli_production_assembly-transport_component_CsgG
"15377_arnT",114.2860857688,-2.23166738516303,0.313589569200169,-3.92764143368823,8.57829756748116e-05,0.000650390924661753,arnT
"19053_ydfZ",343.640447098214,-2.2347246724331,0.384181021988867,-3.21391375878239,0.00130938994648544,0.00783754460791048,ydfZ
"17130_pepE",89.979411794137,-2.23522902312659,0.3580081141994,-3.45028219790183,0.000560000837201817,0.0036678588865941,pepE
"19177_ydhX_2",20.2332507645565,-2.23714928982008,0.276774609230184,-4.46987999824502,7.82634954180527e-06,6.87071107143747e-05,ydhX
"17183_yjcH",15.636462313914,-2.24371673567296,0.405775187415303,-3.06503890391909,0.00217641684678194,0.0121008776681076,yjcH
"17964_hypothetical_protein",99.2932986709186,-2.25414157267903,0.310332840022894,-4.04127894613573,5.31604778407364e-05,0.00041695145942797,hypothetical_protein
"18744_ChaC-like_protein",378.623932005654,-2.25885938570736,0.252903757525706,-4.97762230985995,6.43701061757934e-07,6.88264981418098e-06,chaC-like_protein
"17633_ilvI",1597.90985462258,-2.26043173840808,0.240405580534204,-5.24293876875603,1.58038997157377e-07,1.87399796629269e-06,ilvI
"16779_yicJ",272.929716732474,-2.26113905753616,0.417556697302027,-3.02028219325616,0.00252539271719499,0.0137359403878736,yicJ
"14909_hypothetical_protein",1793.4071409848,-2.26645349670019,0.275828424540464,-4.5914539040352,4.40168867504386e-06,4.06384688743902e-05,hypothetical_protein
"18186_cspE",1581.33538201542,-2.26750342177044,0.221425673262773,-5.72428392378082,1.0387091379527e-08,1.59438666451389e-07,cspE
"17076_argE_2",875.895898943777,-2.2720396710285,0.187820601722611,-6.77263122022766,1.26461013785875e-11,2.92968015270609e-10,argE
"15333_napB",83.3068597146871,-2.27622265875202,0.402312336208994,-3.17221855729783,0.0015127911070076,0.00878191032420655,napB
"17364_tabA_3",273.182854692133,-2.27942953158665,0.282767045678995,-4.5246769421607,6.04878292185877e-06,5.4050195966038e-05,tabA
"18276_sdhB",730.767628555485,-2.28438375764364,0.403074625999999,-3.18646641290599,0.00144022209069613,0.00849866903519272,sdhB
"18588_csgB",30.0062781721813,-2.28755393167017,0.448654049409541,-2.86981457843672,0.00410712565316619,0.0210574352135693,csgB
"19099_bioD1_2",271.091928850239,-2.30028126906678,0.270455470308824,-4.80774623483131,1.52641351773598e-06,1.54618891553661e-05,bioD1_2
"17381_ahr",196.415694772933,-2.30367314245991,0.440152022390796,-2.96187016335557,0.00305776695442569,0.0163822974731758,ahr
"18768_oppA",5308.57253643988,-2.30933864941222,0.235426817285251,-5.56155269187441,2.67384919712347e-08,3.71665038400162e-07,oppA
"16255_tdcB",154.849026549024,-2.32303289140524,0.398598689154359,-3.31921034214162,0.000902724037685012,0.00556309246868941,tdcB
"18272_hypothetical_protein",804.776721765612,-2.32531838522407,0.442091368399988,-2.9978381844926,0.00271901999607019,0.0146932786828674,hypothetical_protein
"15770_gabT",104.372898027388,-2.33212572714156,0.517287679714803,-2.57521255460019,0.0100178502365355,0.0471140249846088,gabT
"18548_cbpA",937.220373581515,-2.34539072432539,0.181649229525255,-7.40653141134485,1.2964554585104e-13,4.50518271832364e-12,cbpA
"17136_lysC",1509.5611785688,-2.35067492915638,0.221179853720738,-6.10668153737791,1.01723921892339e-09,1.79234684911713e-08,lysC
"18279_sucC",2078.51501528099,-2.3510312442631,0.269046863468168,-5.02154616057414,5.12571815577578e-07,5.55175187261948e-06,sucC
"18711_dadA",517.521876970495,-2.35130898322583,0.334579374153686,-4.03882931111323,5.37186365785099e-05,0.000420012589748224,dadA
"17336_msrA",571.935216277306,-2.35382879939338,0.528460405476984,-2.56183582603777,0.0104120524154462,0.0486025282526984,msrA
"17170_aphA",287.159674188369,-2.3541210079321,0.179723142401048,-7.53448326042739,4.90272392839374e-14,1.83083809982704e-12,aphA
"18943_yncA",239.598954480921,-2.36113951368526,0.483264180711791,-2.81655369466958,0.00485419281169291,0.0243879325599511,yncA
"19184_ynhG",476.261048867836,-2.36330837793748,0.379666898319016,-3.59080126282686,0.000329662940102053,0.00223527554508221,ynhG
"16563_leucine-isoleucine-valine_transporter_permease_subunit",320.236851913744,-2.37760888086503,0.290513615751023,-4.74197698893972,2.11642668019875e-06,2.05244168754158e-05,leucine-isoleucine-valine_transporter_permease_subunit
"16718_hypothetical_protein",342.891709415923,-2.38484575402462,0.305336041483557,-4.53548080107404,5.74724064401082e-06,5.19814712897778e-05,hypothetical_protein
"18422_hcr",159.903549232596,-2.38804493016763,0.508729282259876,-2.72845495349051,0.00636317803719332,0.0309740689670383,hcr
"15681_stationary_phase_inducible_protein_CsiE",162.839761448586,-2.40611927433828,0.367331205324442,-3.82793308588182,0.000129223874379624,0.000939878295633199,stationary_phase_inducible_protein_CsiE
"18147_MbtH-like_protein",613.918819357337,-2.41981875246178,0.437700685423632,-3.24381203809995,0.0011794154730476,0.00711059641822913,mbtH-like_protein
"18337_ybhO_1",45.2267791895064,-2.42396547718528,0.417749642183963,-3.40865756279502,0.000652833724442183,0.00419894596029394,ybhO
"18040_ogt_1",64.2402423684002,-2.4274279952123,0.235704770694005,-6.05599959224164,1.39548354912906e-09,2.35912151346008e-08,ogt_1
"15742_lipoprotein",110.102465778473,-2.4278757826276,0.438463829006167,-3.25654179014962,0.00112778327627601,0.00684881979913247,lipoprotein
"16658_dppA_1",4062.29954763944,-2.43579513403597,0.326536742270319,-4.39704005146032,1.09737101732506e-05,9.33885131070513e-05,dppA
"15520_dsdA_2",500.890222563741,-2.45207182424727,0.472106064104226,-3.07573220225932,0.00209986352026805,0.0118064236577768,dsdA
"18275_sdhA",1223.63191677234,-2.45278793992439,0.426793887514618,-3.40395676326229,0.000664172655738191,0.00424319930901904,sdhA
"15055_Glucan_1-4-alpha-maltohexaosidase_precursor",632.862532963077,-2.45459826466279,0.398285285337435,-3.65215165664588,0.000260052223186462,0.00179737752047659,glucan_1-4-alpha-maltohexaosidase_precursor
"17782_ivy",956.112799329082,-2.45904201105739,0.369729672334776,-3.94623996998619,7.93880505256969e-05,0.000603735265699981,ivy
"18720_treA_2",222.155288868339,-2.46015717116694,0.387877277623414,-3.76448236440545,0.000166894445730421,0.00119305686633575,treA
"15697_glyA",5846.30526646892,-2.47034497389807,0.256765875390254,-5.72640336907431,1.02582148387291e-08,1.58432429175928e-07,glyA
"16033_gcvP",1807.33851873201,-2.47294415668791,0.401040811481871,-3.67280365119272,0.000239903818023429,0.00167664623657715,gcvP
"17504_hypothetical_protein",7.43438119888919,-2.48847481246856,0.532161646215954,-2.7970351171541,0.00515739273198935,0.0256536712036528,hypothetical_protein
"16042_serA",2159.22298056135,-2.49263515499987,0.581898633989934,-2.5651119762307,0.0103142512778898,0.0482359938266923,serA
"15830_hypC_1",10.554825298013,-2.5033363366942,0.488057852037938,-3.08024208691011,0.00206832403525139,0.0117080242900429,hypC
"16783_hypothetical_protein",24.6561060870042,-2.50751640271722,0.458284169362777,-3.28947954892998,0.00100372850491897,0.00615521744928248,hypothetical_protein
"16541_glgB",1087.80202158192,-2.50902314112517,0.419180681883066,-3.59993484038017,0.000318296932262816,0.00216407316446078,glgB
"15259_ycgE_1",73.6673029084422,-2.51789880038225,0.358264035763513,-4.23681600400494,2.2671176851177e-05,0.000184766398963012,ycgE
"15810_gutQ",384.737721619152,-2.52233288565353,0.456360000997955,-3.33581576458176,0.000850495064658483,0.00532286718980758,gutQ
"17079_argH",2643.82022971584,-2.53958576107616,0.285976265776875,-5.38361376561709,7.30050689062712e-08,9.36711191812773e-07,argH
"17267_frdA",310.320934226918,-2.54387127208031,0.330406928564524,-4.67263588807828,2.9735865147617e-06,2.8288644334349e-05,frdA
"18877_hypothetical_protein",191.125264753404,-2.54807992823017,0.465975506099788,-3.32223455517564,0.000892995925468648,0.00553038565723406,hypothetical_protein
"15295_yeiL",72.8377846000735,-2.55462835186781,0.339421189756889,-4.58023364122114,4.64456783647117e-06,4.24113457184338e-05,yeiL
"16876_rbsD",1620.05380205959,-2.55474167069337,0.489862760674535,-3.17383111251916,0.00150441199768922,0.00875357864701963,rbsD
"17718_hypothetical_protein",386.395894191908,-2.5619693972086,0.163765813506311,-9.53782333300233,1.45861534936783e-21,2.14673859065783e-19,hypothetical_protein
"18188_2-oxoglutaramate_amidase",112.122891433136,-2.56698964345174,0.306930250502715,-5.10536071594506,3.30164101181838e-07,3.72103865386018e-06,2-oxoglutaramate_amidase
"17745_hypothetical_protein",224.825413987806,-2.57610443822616,0.517637730432289,-3.04480207984439,0.0023283347730399,0.0128044759739251,hypothetical_protein
"15100_mtfA",949.908422792019,-2.57666442176649,0.164726924947659,-9.57138259132485,1.05485454116005e-21,1.64952878873903e-19,mtfA
"16096_ansB",312.299502519411,-2.57697902953487,0.433947219435257,-3.63403418412765,0.000279023869264953,0.00191790582665086,ansB
"18776_YciI-like_protein",509.385529554181,-2.58482254905641,0.157696871360225,-10.049803368871,9.20509089622389e-24,2.09373976566838e-21,yciI-like_protein
"18781_ompW",72.5629109552967,-2.59148419156605,0.565381136845413,-2.81488731733402,0.00487943396559963,0.0244218860845272,ompW
"17165_qorA",324.651214139211,-2.59279175418958,0.184368196464594,-8.63918932187126,5.66132936955807e-18,4.29231699473767e-16,qorA
"15221_yegS",118.900832692622,-2.62582176622206,0.410323968429228,-3.96228807311919,7.42348928864457e-05,0.000569741417183703,yegS
"18963_flr",19.6098386492007,-2.63298105961324,0.573238567947804,-2.84869363458798,0.00438991306325477,0.0222790314082423,flr
"17975_hypothetical_protein",231.625565782886,-2.64315588480678,0.259180562357504,-6.33981140352755,2.30046591835344e-10,4.3604285816063e-09,hypothetical_protein
"14816_ydiB_1",87.7988731255646,-2.66054222406984,0.577954991912478,-2.87313414938253,0.0040642149930286,0.0209231808900361,ydiB
"17065_gldA_1",700.133352557458,-2.67500935679613,0.42992106818574,-3.89608577189445,9.77597804924076e-05,0.000727961222595249,gldA
"17150_maltose_regulon_periplasmic_protein",476.293990480862,-2.67895867215263,0.620456110564115,-2.70600715113617,0.00680975795281452,0.0329555404215511,maltose_regulon_periplasmic_protein
"15029_otsB",153.837279106736,-2.68533617267154,0.452237810054839,-3.72665914967872,0.000194034572161404,0.00137528186840746,otsB
"18205_hypothetical_protein",1259.7231165805,-2.69387194372868,0.278308252523221,-6.08631590465449,1.15538367278677e-09,1.99363444780172e-08,hypothetical_protein
"16237_hypothetical_protein",2902.48823702952,-2.70211575153166,0.280859250926705,-6.06038699425233,1.35794428665995e-09,2.32710726385151e-08,hypothetical_protein
"16367_mdh_2",8250.22438842057,-2.70671371000563,0.217169302757356,-7.85890864102714,3.87494718865622e-15,1.82926752189016e-13,mdh_2
"17753_metQ",8876.74272550497,-2.71957708615018,0.371768826607884,-4.62539342483351,3.73888019746891e-06,3.49055158733851e-05,metQ
"17080_rspA_1",325.647925427602,-2.72484145735717,0.560726692258588,-3.07608230742426,0.00209739938842747,0.0118064236577768,rspA
"18305_galE",2083.29953446422,-2.72663384076111,0.589774785343401,-2.92761556388981,0.0034157209666871,0.017991860755055,galE
"14813_hypothetical_protein",11.795903230828,-2.72913002826809,0.64888272288863,-2.66478050235415,0.00770385880881155,0.0370674129608587,hypothetical_protein
"16035_gcvT",2435.83446601857,-2.73543090386015,0.601940347722279,-2.88306127081688,0.00393830829147741,0.0203167986500546,gcvT
"16696_yiaO_1",78.4492129545587,-2.74397715082201,0.608021800471731,-2.86828062656463,0.00412709293230949,0.0211165368438412,yiaO
"17754_metI",2239.80201656258,-2.74637455776039,0.374250611401537,-4.66632386042166,3.06636266066594e-06,2.90607552158567e-05,metI
"16615_putative_Mg-2+-_transport_ATPase",108.207931142628,-2.75720321685275,0.511989065521679,-3.43211083045747,0.000598902752955111,0.00390222574972315,putative_Mg-2+-_transport_ATPase
"16034_gcvH",685.308341221971,-2.76242447078136,0.58013339514862,-3.03796417430833,0.00238182269190001,0.0130686850331882,gcvH
"16666_lip-1",243.85126722472,-2.76727547646372,0.575256359912678,-3.07215286890871,0.00212520857543961,0.0118954627645412,lip-1
"17634_ilvH",302.69835904598,-2.76798412365476,0.280837588293136,-6.29539704567381,3.06614011402963e-10,5.72498698903144e-09,ilvH
"15912_ygdR_1",127.322084389651,-2.77929449576159,0.507681313442726,-3.50474687298555,0.000457041605365137,0.00304938159099619,ygdR
"15946_thlA",239.621056684388,-2.80767745065985,0.466058224536343,-3.87865154071299,0.000105037086096783,0.000775229467298379,thlA
"18547_cbpM",84.9846705025703,-2.81089557002989,0.355073320811483,-5.10006092795504,3.39544163989469e-07,3.80959416278768e-06,cbpM
"17755_metN",2433.31614814482,-2.81291736449707,0.380883620493365,-4.75976720172102,1.93816380799396e-06,1.90168072454936e-05,metN
"18718_hypothetical_protein",12.6449500915766,-2.81910637533093,0.485531874523289,-3.74662606263901,0.000179228952603658,0.00127395124833623,hypothetical_protein
"17618_araA",424.17969196679,-2.82320486702579,0.643591943441017,-2.83285843709893,0.00461338116912295,0.023318544818476,araA
"16515_feoC",54.7723374903914,-2.8335891284225,0.424076762239075,-4.32371988208306,1.53420076830019e-05,0.000128575496754644,feoC
"17123_aceB",302.469667783296,-2.84159822225759,0.325571425230096,-5.65651061347305,1.54481430138517e-08,2.26030724097409e-07,aceB
"17237_hypothetical_protein",215.76387980635,-2.8445476231887,0.328714592194426,-5.61139562096988,2.00701333227189e-08,2.9026285302568e-07,hypothetical_protein
"17184_acs",402.70582100925,-2.84939385022767,0.442585349868618,-4.17861515474172,2.93289486506545e-05,0.000235195607448518,acs
"17266_frdB",102.234084078252,-2.85411314401692,0.346563143715828,-5.35000093817604,8.7953775920476e-08,1.0948275987713e-06,frdB
"15768_lhgO",127.441514232991,-2.86417509560767,0.468700125806313,-3.97733005170567,6.96933993332166e-05,0.000536531954251409,lhgO
"16892_ilvA",1301.21466146103,-2.86604434922814,0.367463527611171,-5.07817568007097,3.81076250303874e-07,4.23756790337908e-06,ilvA
"18306_ylmA",1191.85468413676,-2.86845512737488,0.1785409100939,-10.4651372416115,1.24895417253337e-25,4.46411905668355e-23,ylmA
"17968_psiF",130.908389858752,-2.87727421282346,0.349879453006719,-5.36548858954404,8.07303840489283e-08,1.02065369440007e-06,psiF
"16680_yiaB",30.4228640872919,-2.88559925326206,0.647862861590282,-2.91049134786574,0.00360860957816842,0.0188491464813724,yiaB
"15244_putative_fimbrial_protein",16.2046914291183,-2.88577699627316,0.442592728382446,-4.260750065111,2.03741977045054e-05,0.000167685008739055,putative_fimbrial_protein
"15365_glpB",75.4465005203311,-2.89926642359749,0.581249436678987,-3.26755830414063,0.00108479519738992,0.00660378974177513,glpB
"17299_bsmA",140.029708937838,-2.90266656379469,0.598387526720109,-3.17965612388951,0.00147449916056553,0.00866008661909613,bsmA
"17265_frdC",48.1406817225251,-2.90328924420753,0.372057614616172,-5.11557664575964,3.12783901585922e-07,3.54111005324877e-06,frdC
"16238_hypothetical_protein",1139.85471354839,-2.90357375123139,0.294977850088049,-6.45327691778614,1.09457082765934e-10,2.19294548840638e-09,hypothetical_protein
"15391_hypothetical_protein",47.1722310006433,-2.92093882771639,0.344814086409244,-5.57094069943685,2.53367562721406e-08,3.56138001083685e-07,hypothetical_protein
"17238_Acetyltransferase_-GNAT-_family_protein",327.1102413264,-2.93285964166007,0.478825670520725,-4.03666670493685,5.4216005355444e-05,0.000421268463973047,acetyltransferase_-GNAT-_family_protein
"17042_glpF",520.459160150168,-2.94966097848353,0.432187186884651,-4.51114942240035,6.44772791975039e-06,5.72064370752321e-05,glpF
"18039_hypothetical_protein",66.0467471608546,-2.95140677712188,0.357967003433337,-5.45135936666096,4.99862428375152e-08,6.65242444571612e-07,hypothetical_protein
"16700_sgbE",54.163665929855,-2.96126761019473,0.533510726428245,-3.67615403597422,0.000236776588153887,0.0016594258363054,sgbE
"15806_PTS_system_glucitol-sorbitol-specific_transporter_subunit_IIA",522.952469526358,-2.96607959187561,0.742730516416434,-2.64709682505258,0.00811861038967938,0.0385441426849674,pTS_system_glucitol-sorbitol-specific_transporter_subunit_IIA
"15601_tal_1",228.876383187753,-2.971113994815,0.446362510148038,-4.41594880842764,1.0056788436095e-05,8.64676449041568e-05,tal_1
"17632_leuO",63.3888025604999,-2.97219122313019,0.35909486037865,-5.49211765674005,3.97142660036586e-08,5.4002768228888e-07,leuO
"15738_raiA",11764.0893822044,-2.97675950818101,0.404518840880538,-4.88669329685137,1.02543647437794e-06,1.0601826689643e-05,raiA
"17617_araD",115.645857402596,-2.99425462034418,0.624460649937213,-3.19356331026574,0.00140528519438742,0.0083318093752543,araD
"15268_yohC",28.0793722211847,-2.99660325441309,0.50959959296122,-3.91798439792912,8.9292484154131e-05,0.000672470300739533,yohC
"17343_ytfQ",432.895011547138,-3.01228433781018,0.540968098050036,-3.71978374522198,0.000199393429444088,0.00140530242385664,ytfQ
"15767_carbon_starvation_induced_protein",49.0761263063103,-3.03406047639995,0.501349264189532,-4.05717255751468,4.96703840761571e-05,0.000392035649711498,carbon_starvation_induced_protein
"15940_lysA",1368.85919999971,-3.03454007581789,0.720088380542163,-2.82540328492185,0.0047221141100348,0.0238200191598933,lysA
"15028_otsA",258.856592857426,-3.03750852349298,0.348637260520167,-5.84420758829109,5.08985247599145e-09,8.11134451906409e-08,otsA
"16879_rbsB",3782.1731285889,-3.04019910689792,0.334454808163936,-6.10007408205026,1.06019317231413e-09,1.85496735463632e-08,rbsB
"17124_aceA",179.202491648886,-3.04834484069443,0.366931237484778,-5.58236702531875,2.37267005803815e-08,3.39224027726369e-07,aceA
"18410_artJ",2724.51647815084,-3.05323409469202,0.275112107244749,-7.46326330474941,8.44054356929731e-14,3.01689143005455e-12,artJ
"15092_hchA",1413.83059763517,-3.0592033134521,0.297484209180277,-6.9220592216517,4.45125071795746e-12,1.09186561728721e-10,hchA
"17078_argB",1350.40801010453,-3.06207251023036,0.334027113578578,-6.17336864704929,6.68500916944793e-10,1.21202122767817e-08,argB
"16308_argG",6058.86693939761,-3.06978785533672,0.274531604770233,-7.53934271818725,4.72346110566916e-14,1.79062116460367e-12,argG
"17077_argC",1328.98918577135,-3.07053943725381,0.299022623833444,-6.92435712960337,4.37959782784245e-12,1.08492611537246e-10,argC
"18611_mdtH",166.437818982689,-3.07809263641873,0.326202796282618,-6.37055433031387,1.88346206751421e-10,3.65304038210896e-09,mdtH
"16209_patA",127.033802518188,-3.0835576307394,0.566154624518572,-3.68019184248676,0.000233058550732276,0.00163795644362965,patA
"18374_fsaA",82.0639681353565,-3.08647764461912,0.313481625210196,-6.65582119277354,2.81722589372974e-11,6.1830694615016e-10,fsaA
"18304_galT",2137.34300080666,-3.09436054588592,0.369821706073183,-5.66316284710306,1.48608003049849e-08,2.20010191497469e-07,galT
"18170_uspG",1057.02748592642,-3.10254627671926,0.540692444551198,-3.88861782314062,0.000100816725072571,0.000748496872793984,uspG
"16150_metC",1134.83322880657,-3.10517823793069,0.612938906665818,-3.43456454637894,0.000593506707460886,0.00387716392184631,metC
"16538_glgA",986.475578778685,-3.10616536938175,0.233661748527362,-9.01373623477404,1.99153314258923e-19,1.9931263691033e-17,glgA
"16686_xylR",494.240483623182,-3.12430593723743,0.409466493442215,-5.18798478327072,2.12581969060845e-07,2.43981691096438e-06,xylR
"15362_glpQ",933.622347828315,-3.13120425006855,0.373285246906108,-5.70931818959513,1.13429654361384e-08,1.73049387324502e-07,glpQ
"16600_uspA",3714.79413912551,-3.13989330966082,0.408825182138539,-5.23425024473093,1.65655895553883e-07,1.95505212582932e-06,uspA
"17041_glpK",1950.5743135599,-3.18202360029528,0.394813188839165,-5.52672418748446,3.26265268030812e-08,4.48525110226974e-07,glpK
"18901_ydbC",119.054916966668,-3.19680705741002,0.5411437934597,-4.05956251177741,4.9164744764207e-05,0.000390414520272463,ydbC
"18936_ydcU",10.3037655637237,-3.21339752949996,0.632136216472984,-3.50145660353026,0.000462722323058362,0.00307907247950006,ydcU
"18271_gltA",3575.69254906065,-3.22278830427568,0.36298150200512,-6.12369581369005,9.14293696004627e-10,1.63397344814541e-08,gltA
"15245_hypothetical_protein",54.8996353493404,-3.22662764721895,0.41499770759837,-5.36539746232492,8.0771155671948e-08,1.02065369440007e-06,hypothetical_protein
"15725_grcA",6289.07816315633,-3.2429029223423,0.381472868092417,-5.87958701639281,4.11291342547684e-09,6.63903831647938e-08,grcA
"16699_ulaE_1",75.8435180885345,-3.25297309802548,0.540837906796739,-4.16570856020306,3.10387016299204e-05,0.000248111282677511,ulaE
"18586_curli_assembly_protein_CsgE",29.2088133015529,-3.26456596692454,0.499331207450856,-4.53519814730871,5.75494306445581e-06,5.19814712897778e-05,curli_assembly_protein_CsgE
"16239_yqjE",246.448696735937,-3.31057868847936,0.33190334227663,-6.96160114758222,3.36426875396606e-12,8.6777323942506e-11,yqjE
"17919_yahK",221.255294924607,-3.33131680898457,0.462316809198676,-5.04268233946628,4.59050971442759e-07,5.01548266615626e-06,yahK
"15031_araG",256.22394846138,-3.33150484978435,0.46110031353665,-5.05639398052379,4.27258215135693e-07,4.73008873570578e-06,araG
"14848_Fructosamine_kinase",187.1858448945,-3.33396139105552,0.261660114660847,-8.91982102079524,4.67042373642911e-19,4.32792599575764e-17,fructosamine_kinase
"16878_rbsC_3",978.2074765207,-3.3342915930986,0.430742356301883,-5.41922928856951,5.98565103843129e-08,7.80005150945577e-07,rbsC
"16618_acid-resistance_membrane_protein",283.820355745815,-3.33935157923683,0.687389302088489,-3.40324117953131,0.00066591470910046,0.00424319930901904,acid-resistance_membrane_protein
"16890_ilvE",2296.34626350705,-3.35051411485426,0.348803063701413,-6.73880008366665,1.59699950545064e-11,3.63244796603408e-10,ilvE
"18338_hypothetical_protein",44.9448634445932,-3.41445488110939,0.465081105002,-5.19147059543305,2.08639541552922e-07,2.40560429937978e-06,hypothetical_protein
"15903_fucA_2",330.896008174694,-3.42118127962695,0.631711210263553,-3.83273438921057,0.000126726759055257,0.000924403356140681,fucA
"16212_ebgA",1919.1409364291,-3.42952394224775,0.680955745825533,-3.56781473266283,0.000359970872474575,0.00243418141332807,ebgA
"17262_blc",123.350916329887,-3.43509445522704,0.491597957276292,-4.95342671625148,7.29178277434813e-07,7.69790738456499e-06,blc
"17059_metB",5249.16980715257,-3.43765697485397,0.380790652137273,-6.40156726845071,1.53790028076157e-10,3.00611445505113e-09,metB
"17060_metL",3992.10995903079,-3.45053112561222,0.356417463909868,-6.87545188928205,6.17936596772053e-12,1.47245463345112e-10,metL
"19123_uidA",5630.14555479059,-3.465261048622,0.677624604268073,-3.63809258562093,0.000274664693393991,0.00189314342388916,uidA
"15027_uspC",541.837422540481,-3.48020254722002,0.317659149526011,-7.80774786723695,5.82189032746049e-15,2.55550343847476e-13,uspC
"17448_uxuA",9185.26727319685,-3.48625726110953,0.480929559667201,-5.16969109328608,2.34481258947868e-07,2.66669140857985e-06,uxuA
"16889_ilvM",2415.49175059363,-3.48792612064631,0.335998048026233,-7.40458504226805,1.31561196945276e-13,4.50912485968603e-12,ilvM
"18298_hypothetical_protein",150.341574159009,-3.4952874628128,0.553371205212647,-4.50924702859072,6.50581196968318e-06,5.75178146577644e-05,hypothetical_protein
"18303_galK",2237.12750232735,-3.5028835576205,0.320385012652828,-7.81211186158899,5.62376135808186e-15,2.512616235343e-13,galK
"18589_csgA",21.3899837818768,-3.51527375776797,0.471381204386725,-5.33596531715851,9.50375683305337e-08,1.17134973380786e-06,csgA
"16210_ygjH",507.034157766029,-3.51937936842235,0.472513196562448,-5.33187091228548,9.72060311296318e-08,1.18638775554312e-06,ygjH
"16947_clcD_2",327.756734318064,-3.52634205457577,0.240396474530588,-10.509064492351,7.84680425720869e-26,3.92654085030723e-23,clcD
"15773_LysM_domain-BON_superfamily_protein",616.992719574181,-3.53093282795757,0.501895945682196,-5.0427441180411,4.58902736647067e-07,5.01548266615626e-06,lysM
"15387_hypothetical_protein",566.427097118088,-3.54076377369188,0.3616704057685,-7.02508066230384,2.13942614834855e-12,5.69451513102987e-11,hypothetical_protein
"18983_osmC",558.855626800582,-3.54264157119518,0.467248513675157,-5.44173281835817,5.27647740465867e-08,6.94828761392421e-07,osmC
"17144_malG",114.29756525622,-3.55347516190776,0.563660806189561,-4.5301627040022,5.893827960098e-06,5.28543281582981e-05,malG
"17069_fryB_2",50.8595727257133,-3.55672794827862,0.605405221648054,-4.22316798213039,2.40892138115131e-05,0.000194423267601309,fryB
"16693_tabA_2",28.2584539532947,-3.5601593922944,0.631854218078126,-4.05181973791595,5.08208146704991e-05,0.000399854334294304,tabA
"15804_srlA",1220.2452830607,-3.56704669496383,0.752185697037178,-3.41278317983883,0.000643030804088727,0.00415726891945735,srlA
"15305_por_1",6099.78302130391,-3.56921252365725,0.371441285085522,-6.91687388241107,4.61718782889476e-12,1.12157319882473e-10,por_1
"15366_glpC",134.732787735562,-3.57882426752879,0.56915788851959,-4.53094707030496,5.87198504169931e-06,5.28478653752938e-05,glpC
"17037_hypothetical_protein",1048.7086421575,-3.57975999371403,0.275340002749776,-9.36936140027013,7.29726914879682e-21,9.12888370514482e-19,hypothetical_protein
"16613_slp_2",189.114667195855,-3.59278437875874,0.534062890734863,-4.85482969092106,1.20490251609181e-06,1.2355188915007e-05,slp_2
"18598_secY-secA_suppressor_protein",1424.57024288233,-3.61375441997219,0.367795924378541,-7.10653448481958,1.18992936923519e-12,3.34517222677129e-11,secY-secA_suppressor_protein
"16186_glgS",926.272970486371,-3.61753291363171,0.644890670896704,-4.05887855377424,4.93089482038762e-05,0.000390414520272463,glgS
"18728_hypothetical_protein",162.428037475087,-3.62855249868287,0.482642540332462,-5.4461682902469,5.1466445282077e-08,6.81317704210352e-07,hypothetical_protein
"18750_narK",395.988181831028,-3.64947438120568,0.383154044102795,-6.91490647687086,4.68172133203934e-12,1.12631411276562e-10,narK
"15902_fucO",584.185758700332,-3.65901941543283,0.552859972461821,-4.80957122577083,1.51254393838931e-06,1.53836785928864e-05,fucO
"15030_rbsC_1",166.148781817558,-3.66467976111954,0.469212487092287,-5.67904698707525,1.3544727167531e-08,2.01719686745016e-07,rbsC
"18373_bssD_3",400.709451872176,-3.67520395580228,0.607907734962965,-4.40067431608722,1.07914994514861e-05,9.21513024833385e-05,bssD
"17146_malE",2244.74417795273,-3.68691411601937,0.603510140955653,-4.4521441044299,8.50170768930206e-06,7.41159325387935e-05,malE
"18710_SpoVR_family_protein",437.457594410087,-3.70498428444795,0.426469954692001,-6.34273119287267,2.25727094466111e-10,4.31121519354358e-09,spoVR_family_protein
"16831_tnaB",157.409880534524,-3.75844869278295,0.633743253173444,-4.35262810131725,1.34515225571768e-05,0.000113318886996823,tnaB
"18550_agp",793.888488584957,-3.77307936099573,0.410389249324576,-6.75719299557602,1.40690733495928e-11,3.22943316703497e-10,agp
"16888_ilvG",3073.9992264531,-3.7966087562777,0.391694828437425,-7.13976430946028,9.34910843636934e-13,2.68867463308001e-11,ilvG
"18177_citX",27.8735923459262,-3.83024612842832,0.507179865247907,-5.58035979414306,2.40021563412553e-08,3.39284718450965e-07,citX
"17509_hypothetical_protein",1849.04028340418,-3.83262964300931,0.740817600603517,-3.82365327268369,0.000131488788793502,0.00095357956394592,hypothetical_protein
"16616_hdeB",2981.94055837637,-3.86167622598088,0.522724819711795,-5.47453673150373,4.38657650175545e-08,5.86909861357868e-07,hdeB
"15780_hypothetical_protein",206.288773084575,-3.86572536169141,0.616697440234992,-4.64689031399161,3.36976223012077e-06,3.16960342096322e-05,hypothetical_protein
"15943_araE",2668.1968293115,-3.86792768031688,0.578826160283404,-4.95473058597194,7.24305764616176e-07,7.67886874182065e-06,araE
"15229_fbaB",966.295248710159,-3.87746808945372,0.334268746631634,-8.60824746091116,7.41859770740328e-18,5.30323756112086e-16,fbaB
"14899_hypothetical_protein",220.562211166008,-3.88140968619991,0.437148992373816,-6.59136755766774,4.35793485524087e-11,9.24029915916326e-10,hypothetical_protein
"17883_ykgR",448.442547582289,-3.88253154795205,0.847055476548693,-3.40300207926977,0.000666497733191241,0.00424319930901904,ykgR
"17966_iraP",597.509913209559,-3.89308272196339,0.350622697322052,-8.25127050832665,1.56719354735334e-16,8.71359612328457e-15,iraP
"18551_hypothetical_protein",182.707918858771,-3.90429036736403,0.331336564592994,-8.76537840286837,1.86150351315629e-18,1.5024134806184e-16,hypothetical_protein
"14898_PrkA_AAA_domain_protein",1093.30556237322,-3.90890996222796,0.362088493854398,-8.03369897580254,9.45770755585598e-16,4.77354846967576e-14,prkA
"17148_malK",1038.02073087162,-3.91793342574827,0.693159120234049,-4.20961557104379,2.55805567056348e-05,0.000205795989959801,malK
"18553_Stress-induced_bacterial_acidophilic_repeat_motif_protein",122.031953614132,-3.92032522664707,0.449608835017546,-6.49525765331793,8.28914233028415e-11,1.69995361560418e-09,stress-induced_bacterial_acidophilic_repeat_motif_protein
"18871_hypothetical_protein",77.3518673361397,-3.92958425545722,0.638706380768949,-4.5867464983366,4.50206780812268e-06,4.12607093623551e-05,hypothetical_protein
"15196_tryptophanyl-tRNA_synthetase",550.160615306841,-3.98230758047472,0.409939973961458,-7.27498602211238,3.46456323393423e-13,1.07016508781524e-11,tryptophanyl-tRNA_synthetase
"15032_araF",237.979670931613,-4.00825334789795,0.559788522096039,-5.3739103771439,7.70471643098617e-08,9.8353063828201e-07,araF
"16213_ebgC",342.380213896771,-4.04846402801141,0.689378824047232,-4.42204477665033,9.77711876186012e-06,8.43529349730139e-05,ebgC
"18587_csgD",44.6311612834833,-4.05567030678707,0.445632635826363,-6.8569266726185,7.0357721250148e-12,1.6607077223384e-10,csgD
"16698_sgbH",30.7941961262807,-4.05923839757079,0.590734321677838,-5.1787043435732,2.23432245144843e-07,2.55263688288766e-06,sgbH
"16227_uxaC",3576.45730172108,-4.09017667883884,0.70157361638041,-4.40463638695796,1.05961459016257e-05,9.07930035817377e-05,uxaC
"18180_citD",55.7942083291652,-4.09611798716326,0.502143815932767,-6.16579929678514,7.01279882142924e-10,1.26230378785726e-08,citD
"16945_gltR_1",1812.8507401034,-4.13380902847589,0.442836445905377,-7.07667369624204,1.47655651146976e-12,4.05971911175533e-11,gltR
"15294_rihB",245.080927203161,-4.13596492911687,0.620774088396661,-5.05170075190552,4.3789337085493e-07,4.82647230783716e-06,rihB
"16673_putative_transcriptional_regulator",988.290877073155,-4.15410558773699,0.554297469590538,-5.69027599939603,1.26834195926967e-08,1.91168167595947e-07,putative_transcriptional_regulator
"17532_hypothetical_protein",67.3186102164202,-4.15659897640338,0.584363843659109,-5.40176982312547,6.5986588532049e-08,8.55432354959517e-07,hypothetical_protein
"17038_uspD",1157.89716172648,-4.17965591375312,0.291902176458651,-10.8928818288668,1.24632865448859e-27,8.7011337786383e-25,uspD
"16793_ilvB",2148.41678327575,-4.19152484543942,0.379525540202695,-8.40924920029073,4.1264356052005e-17,2.51813216688089e-15,ilvB
"16226_uxaA",1742.16193983471,-4.19319008972871,0.669385475608468,-4.77033070791702,1.83923706549996e-06,1.82609965788925e-05,uxaA
"15944_kduD_2",519.92555561445,-4.19768436483032,0.649092230827337,-4.92639445207121,8.37608240964879e-07,8.76860175269509e-06,kduD
"16817_2-keto-3-deoxy-galactonokinase",387.297237993264,-4.21237516651057,0.448775095564511,-7.15809588869842,8.18053292101072e-13,2.37996434515916e-11,2-keto-3-deoxy-galactonokinase
"16814_dgoT",432.551587326089,-4.2375867197966,0.570037592772929,-5.67960211895406,1.35008426482292e-08,2.01719686745016e-07,dgoT
lA",1038.03471148597,-4.26934867129393,0.387344513905082,-8.44041558336121,3.16211356343931e-17,1.97790203393129e-15,melA
"16278_nagB_1",98.9037506648183,-4.32834465086944,0.627932018041277,-5.30048565010528,1.15495043685636e-07,1.38262487704048e-06,nagB
"17244_cadB",179.802608694131,-4.37020074420094,0.670599211841933,-5.02565568925144,5.01715342724518e-07,5.45779038042062e-06,cadB
"19025_uxaB",2701.86096890342,-4.39721559206471,0.416272865795864,-8.16103059124366,3.32178019275761e-16,1.76831788133607e-14,uxaB
"18874_uspF",1156.71896138746,-4.41513719495745,0.64020431015774,-5.33444892633728,9.58351567117273e-08,1.17539001025854e-06,uspF
"16816_dgoA",208.395942416001,-4.42220047723347,0.740074618043095,-4.62412896456637,3.76175778851255e-06,3.49885427020759e-05,dgoA
"15805_srlE",1432.92975240838,-4.42465280352929,0.739841871500985,-4.62889833010044,3.67616187315045e-06,3.44485281146908e-05,srlE
"16894_ilvC",15017.599066853,-4.42759645142119,0.741782581553458,-4.62075618470717,3.82343894441569e-06,3.54305342182521e-05,ilvC
"15945_kduI",683.086516820471,-4.48470808857551,0.557516035952529,-6.25041768103012,4.09356449297493e-10,7.49686764349812e-09,kduI
"16271_manX_3",283.585159918715,-4.50166920620889,0.636335228408575,-5.50286869228707,3.73660722558384e-08,5.10873840350316e-07,manX
"15281_mglA_1",1076.41929986423,-4.51015705723438,0.50668144698402,-6.92773946653919,4.27618319067042e-12,1.06990103430574e-10,mglA
"18372_bssA",831.623742082777,-4.54709255845562,0.534055165925349,-6.64180928258531,3.09855741383404e-11,6.7413831734024e-10,bssA
"18552_wrbA",730.743839569559,-4.57943436682084,0.383467656125029,-9.3343840338226,1.01580165634949e-20,1.21025511627925e-18,wrbA
"14826_ppsA_1",3683.22378697191,-4.58313999281492,0.604908754301591,-5.92343881177898,3.15278072426195e-09,5.15572377261659e-08,ppsA
"16617_hdeA",2056.00025143801,-4.65590540267243,0.51768166718173,-7.06207237852416,1.64037499326761e-12,4.4611067751691e-11,hdeA
"18386_biofilm_formation_regulatory_protein_BssR",1578.05266179877,-4.65878070713488,0.483964172862741,-7.56002388667015,4.02995347190766e-14,1.55122209026353e-12,biofilm_formation_regulatory_protein_BssR
"17122_metA",5422.27082372642,-4.68213296096256,0.549496813722326,-6.7009177651451,2.07114579294667e-11,4.5858467026129e-10,metA
"18446_nicotinamidase-pyrazinamidase",329.451502726939,-4.72431265993416,0.639945158136201,-5.8197372268289,5.89402154860042e-09,9.33344424974573e-08,nicotinamidase-pyrazinamidase
"16214_ygjI",742.407166123218,-4.72526607333568,0.732050693988259,-5.08880888158194,3.60319517377535e-07,4.02464032356515e-06,ygjI
"18919_hypothetical_protein",5203.23785810855,-4.74000086555799,0.506142740726235,-7.38922158636846,1.47690865537483e-13,4.99354791317275e-12,hypothetical_protein
"16684_xylG",1064.1094424755,-4.75227234517086,0.59039575880143,-6.35552049491074,2.07722050525779e-10,3.99785054165769e-09,xylG
"16626_gadA",389.635834916749,-4.75962724456074,0.506375339490524,-7.42458597676457,1.13133236013997e-13,3.9867515000989e-12,gadA
"15293_nupX",1177.56943766944,-4.79552933659096,0.591211658428152,-6.41991625585005,1.36349331780456e-10,2.70750815964049e-09,nupX
"16792_ilvN",187.408556228311,-4.79612284776367,0.543785788248069,-6.98091588600312,2.93261864998751e-12,7.64313735652996e-11,ilvN
"16692_dlgD",97.9722462832141,-4.80039663674171,0.575158114753483,-6.60756849161486,3.9068345239694e-11,8.35461536664226e-10,dlgD
"16277_manZ_4",130.733284889338,-4.90322492923725,0.638416034062022,-6.11392057997412,9.72126994227354e-10,1.72500832592684e-08,manZ
"15298_psuK_2",3691.29214073109,-4.916679749532,0.829803929912845,-4.72000626695438,2.35837377275086e-06,2.26948122285487e-05,psuK
"17626_sgrT",425.285952064439,-4.92246752049302,0.622790789328425,-6.29821055112704,3.01101339677586e-10,5.66432745769413e-09,sgrT
"17629_leuC",7009.72269284458,-4.92531529117959,0.474703278496371,-8.26898711046,1.35101873135527e-16,7.68238378602473e-15,leuC
"16352_tabA_1",1847.41661927726,-4.93595025199624,0.502081704313631,-7.83926245107231,4.532004347914e-15,2.06164997790561e-13,tabA
"16815_dgoD",411.954331635364,-4.95508583485341,0.653739653069566,-6.04994024193379,1.44899572315503e-09,2.43314583847912e-08,dgoD
"15282_mglB",2807.32270634624,-4.96639308857452,0.538218208375747,-7.36948885572719,1.7128348267661e-13,5.63883254811683e-12,mglB
"18993_gadC",574.135105878548,-5.07471567728803,0.545175906962816,-7.47413013900108,7.77162018150045e-14,2.81805705711799e-12,gadC
"16275_manX_4",198.139383640039,-5.09425387263409,0.672201164366801,-6.0908163949564,1.12336329865357e-09,1.95184373141058e-08,manX
"17630_leuB",5155.80028220223,-5.19335217499651,0.487458061037308,-8.60248811163998,7.80062360835162e-18,5.42143340780437e-16,leuB
"17061_metF",9254.15961733411,-5.23592635382066,0.576673486858248,-7.3454501556821,2.05067740902616e-13,6.66336997062787e-12,metF
"18981_sra",1643.71920187281,-5.28972636816283,0.668703176906017,-6.41499325307636,1.40829098457775e-10,2.77444412867208e-09,sra
"16228_exuT",1452.91453969655,-5.3200464769542,0.486142733598096,-8.88637467638397,6.31351948556995e-19,5.26547525096533e-17,exuT
"16356_nanA",9582.4029042502,-5.32582446493986,0.576394350106851,-7.50497374607844,6.14409137610286e-14,2.26066420926608e-12,nanA
"17435_nanS",754.271734781876,-5.38604326487633,0.730878972172476,-6.0010527486366,1.96042285538656e-09,3.26998532278478e-08,nanS
"16269_agaC_2",324.925349678728,-5.40813165480839,0.748668656629795,-5.88796073639843,3.90989973441961e-09,6.35231762046615e-08,agaC
"15297_psuG",8896.95863488926,-5.41210304248972,0.843220680545047,-5.23244168968649,1.67285432681726e-07,1.96501480079662e-06,psuG
"17628_leuD",3065.29366503049,-5.42428101872203,0.489580053661652,-9.0368898520928,1.61192666272509e-19,1.68043354589091e-17,leuD
"16268_levE_2",234.981243769058,-5.43459440734094,0.756360605179365,-5.86306898716559,4.5438932147952e-09,7.28770565603692e-08,levE
"16946_metE",44180.4726990882,-5.48560229039193,0.558421690054394,-8.03264337736416,9.53946536705787e-16,4.77354846967576e-14,metE
"17922_bhsA_2",935.682515099882,-5.51302200711246,0.443383158237288,-10.1786049453353,2.47078023559151e-24,6.18189214944996e-22,bhsA
"18502_rmf",1093.29385911148,-5.51672392887639,0.461159936971281,-9.7942678163686,1.19157564571921e-22,2.29332481968421e-20,rmf
"18430_cspD",1285.76025453073,-5.5462346084114,0.446433103217151,-10.1834621484152,2.35046773610887e-24,6.18189214944996e-22,cspD
"16270_manZ_3",282.031461448037,-5.5965231457607,0.707036288786546,-6.50111347700343,7.9727660007959e-11,1.6485835152059e-09,manZ
"16354_nanE",1421.89486620668,-5.66089182688452,0.502523366993045,-9.27497532059842,1.77660166578339e-20,2.02048062172275e-18,nanE
"16683_xylF",2839.63061349427,-5.71557155319255,0.646843190565885,-7.29013093431064,3.0965393789431e-13,9.68442690764456e-12,xylF
"16267_kbaZ",517.930171887925,-6.01652656301488,0.744588462874932,-6.73731438658822,1.61340842689098e-11,3.63670980547859e-10,kbaZ
"17936_lacZ",4049.11901925237,-6.03696847099546,0.611674430526261,-8.2347213151641,1.7997610510899e-16,9.78913510831942e-15,lacZ
"16830_tnaA",1982.21608023936,-6.6881172473954,0.622787869185926,-9.13331413283723,6.64337507351369e-20,7.22683671040489e-18,tnaA
"16274_kbaY",627.375824563679,-6.73052629608326,0.605818055954691,-9.45915401457073,3.10444633170074e-21,4.08806564311329e-19,kbaY
"17437_nanC",2487.65727716585,-7.06909225546063,0.772842025735955,-7.85295319529396,4.06353344983789e-15,1.88277049842489e-13,nanC
